Nome Comum,Nome Oficial,Código Alpha-2,Capital,População,Área,Continente,Independente,Membro da ONU,Status
Afghanistan,Islamic Republic of Afghanistan,AF,Kabul,"39,306,195","652,000 km²",Asia,,,
Albania,Republic of Albania | Shqipëria,AL,Tirana,"2,876,490","28,748 km²",Europe,,,
Algeria,Democratic Republic of Algeria,DZ,Algiers,"44,190,030","2,381,741 km²",Africa,,,
Andorra,Principality of Andorra,AD,Andorra la Vella,"77,317",468 km²,Europe,,,
Angola,Republic of Angola,AO,Luanda,"33,312,843","1,246,620 km²",Africa,,,
Antigua And Barbuda,The independent nation of Antigua and Barbuda,AG,St. John's,"98,271",440 km²,The Caribean,,,
Argentina,The Argentine Republic,AR,Buenos Aires,"45,370,984","2,780,400 km²",South America,,,
Armenia,Hayastani Hanrapetut'yun,AM,Yerevan,"2,965,558","29,743 km²",Asia,,,
Australia,"The Commonwealth of Australia,",AU,Canberra,"25,625,341","7,617,930 km²",Australia,,,
Austria,The Republic of Austria,AT,Vienna,"9,027,998","83,879 km²",Europe,,,
Azerbaijan,The Azerbaijan Democratic Republic,AZ,Baku,"10,177,781","86,600 km²",Europe,,,
Bahamas,Commonwealth of The Bahamas,BS,Nassau,"394,833","13,878 km²",The Caribean,,,
Bahrain,The Kingdom of Bahrain,BH,Manama,"1,727,565",780 km²,Asia,,,
Bangladesh,People's Republic of Bangladesh,BD,Dhaka,"165,383,477","148,460 km²",Asia,,,
Barbados,Barbados,BB,Bridgetown,"287,522",431 km²,North America,,,
Belarus,The Republic of Belarus,BY,Minsk,"9,448,028","207,595 km²",Europe,,,
Belgium,The Kingdom of Belgium,BE,Brussels,"11,610,784","30,689 km²",Europe,,,
Belize,Belize,BZ,Belmopan,"400,720","22,966 km²",Central America,,,
Benin,Republic of Benin,BJ,Porto-Novo,"12,260,889","114,763 km²",Africa,,,
Bhutan,The Kingdom of Bhutan,BT,Thimphu,"775,208","38,394 km²",Asia,,,
Bolivia,Republic of Bolivia,BO,Sucre,"11,740,763","1,098,581 km²",South America,,,
Bosnia and Herzegovina,Republic of Bosnia and Herzegovina,BA,Sarajevo,"3,272,331","51,197 km²",Europe,,,
Botswana,Republic of Botswana,BW,Gaborone,"2,372,028","581,730 km²",Africa,,,
Brazil,Federative Republic of Brazil,BR,Brasilia,"213,196,006","8,515,767 km²",South America,,,
Brunei,Negara Brunei Darussalam,BN,Bandar Seri Begawan,"439,250","5,765 km²",Asia,,,
Bulgaria,Republic of Bulgaria,BG,Sofia,"6,926,881","110,994 km²",Europe,,,
Burkina Faso,Burkina Faso,BF,Ouagadougou,"21,152,326","274,200 km²",Africa,,,
Burundi,Republic of Burundi,BI,Bujumbura,"12,045,230","27,834 km²",Africa,,,
Cambodia,Kingdom of Cambodia,KH,Phnom Penh,"16,817,449","181,035 km²",Asia,,,
Cameroon,Republic of Cameroon,CM,Yaounde,"26,831,876","475,442 km²",Africa,,,
Canada,Dominion of Canada,CA,Ottawa,"37,881,943","9,984,670 km²",North America,,,
Central African Republic,Central African Republic,CF,Bangui,"4,865,703","622,984 km²",Africa,,,
Chad,Republic of Chad,TD,N'Djamena,"16,631,098","1,284,000 km²",Africa,,,
Chile,Republic of Chile,CL,Santiago,"19,185,504","756,950 km²",South America,,,
China,People's Republic of China,CN,Beijing,"1,441,654,790","9,600,000 km²",Asia,,,
Colombia,Spanish Republic of Colombia,CO,Bogota,"51,112,670","1,138,910 km²",South America,,,
Comoros,Union of the Comoros,KM,Moroni,"877,576","1,861 km²",Africa,,,
Congo,Democratic Republic of the Congo,CG,Brazzaville,"5,576,861","2,345,410 km²",Africa,,,
Costa Rica,The Republic of Costa Rica,CR,San Jose,"5,113,783","51,100 km²",North America,,,
Cote D'Ivoire,Republic of Côte d'Ivoire,CI,Yamoussoukro,"26,661,011","322,463 km²",Africa,,,
Croatia,Republic of Croatia,HR,Zagreb,"4,094,735","56,594 km²",Europe,,,
Cuba,Republic of Cuba,CU,Havana,"11,323,735","109,884 km²",North America,,,
Cyprus,Republic of Cyprus,CY,Nicosia,"1,211,064","9,251 km²",Europe,,,
Czech Republic,Czechia,CZ,Prague,"10,717,290","78,866 km²",Europe,,,
Denmark,Kingdom of Denmark,DK,Copenhagen,"5,800,754","42,933 km²",Europe,,,
Djibouti,Republic of Djibouti,DJ,Djibouti,"994,124","23,200 km²",Africa,,,
Dominica,Commonwealth of Dominica,DM,Roseau,"72,061",750 km²,North America,,,
Dominican Republic,The Dominican Republic,DO,Santo Domingo,"10,894,019","48,442 km²",North America,,,
Ecuador,Republic of Ecuador,EC,Quito,"17,757,364","283,560 km²",South America,,,
Egypt,The Arab Republic of Egypt,EG,Cairo,"103,162,538","1,002,450 km²",Africa,,,
El Salvador,Republic of El Salvador,SV,San Salvador,"6,499,959","21,041 km²",Central America,,,
Equatorial Guinea,Republic of Equatorial Guinea,GQ,Malabo,"1,423,195","28,050 km²",Africa,,,
Eritrea,The State of Eritrea,ER,Asmara,"3,567,323","117,600 km²",Africa,,,
Estonia,Republic of Estonia,EE,Tallinn,"1,326,908","45,227 km²",Europe,,,
Ethiopia,Federal Democratic Republic of Ethiopia,ET,Addis Ababa,"116,197,488","1,127,127 km²",Africa,,,
Fiji,Republic of Fiji,FJ,Suva,"899,202","18,333 km²",Oceana,,,
Finland,Republic of Finland (Suomen Tasavalta),FI,Helsinki,"5,544,322","338,440 km²",Europe,,,
France,French Republic,FR,Paris,"65,334,006","643,801 km²",Europe,,,
Gabon,The Gabonese Republic,GA,Libreville,"2,248,450","267,667 km²",Africa,,,
Gambia,The Republic of The Gambia,GM,Banjul,"2,446,240","11,295 km²",Africa,,,
Georgia,Republic of Georgia,GE,Tbilisi,"3,985,979","153,909 km²",Europe,,,
Germany,Federal Republic of Germany,DE,Berlin,"83,896,324","357,386 km²",Europe,,,
Ghana,Republic of Ghana,GH,Accra,"31,352,348","238,535 km²",Africa,,,
Greece,The Hellenic Republic,GR,Athens,"10,401,951","131,957 km²",Europe,,,
Grenada,Grenada,GD,St. George's,"112,742",344 km²,North America,,,
Guatemala,Republic of Guatemala,GT,Guatemala City,"18,057,824","108,889 km²",North America,,,
Guinea,The Republic of Guinea,GN,Conakry,"13,287,738","245,857 km²",Africa,,,
Guinea-Bissau,Guinea-Bissau,GW,Bissau,"1,988,124","36,125 km²",Africa,,,
Guyana,Co-operative Republic of Guyana,GY,Georgetown,"788,148","214,969 km²",South America,,,
Haiti,The Republic of Haiti,HT,Port-au-Prince,"11,461,636","27,750 km²",North America,,,
Honduras,The Republic of Honduras,HN,Tegucigalpa,"9,971,969","112,492 km²",Central America,,,
Hungary,Republic of Hungary,HU,Budapest,"9,650,147","93,030 km²",Europe,,,
Iceland,Republic of Iceland,IS,Reykjavik,"342,177","103,000 km²",Europe,,,
India,The Republic of India,IN,New Delhi,"1,385,753,930","3,287,263 km²",Asia,,,
Indonesia,The Republic of Indonesia,ID,Jakarta,"274,750,669","1,904,569 km²",Asia,,,
Iran,The Islamic Republic of Iran,IR,Tehran,"84,450,573","1,648,195 km²",Asia,,,
Iraq,Republic of Iraq (Al Jumhuriyah al Iraqiyah),IQ,Baghdad,"40,612,338","437,072 km²",Asia,,,
Ireland,Republic of Ireland,IE,Dublin,"4,961,208","84,421 km²",Europe,,,
Israel,The State of Israel,IL,Jerusalem,"8,713,402","22,145 km²",Asia,,,
Italy,The Italian Republic,IT,Rome,"60,424,778","301,340 km²",Europe,,,
Jamaica,The Caribbean island of Jamaica,JM,Kingston,"2,966,600","10,992 km²",The Caribean,,,
Japan,Nippon-koku,JP,Tokyo,"126,315,493","377,915 km²",Asia,,,
Jordan,Hashemite Kingdom of Jordan,JO,Amman,"10,246,070","89,342 km²",Asia,,,
Kazakhstan,Republic of Kazakhstan,KZ,Astana,"18,872,202","2,700,000 km²",Asia,,,
Kenya,The Republic of Kenya,KE,Nairobi,"54,282,617","580,367 km²",Africa,,,
Kiribati,Republic of Kiribati,KI,Tarawa,"120,232",811 km²,Oceana,,,
Kuwait,State of Kuwait,KW,Kuwait City,"4,297,541","17,818 km²",Asia,,,
Kyrgyzstan,Kyrgyz Republic,KG,Bishkek,"6,570,372","199,900 km²",Asia,,,
Laos,The Lao People's Democratic Republic,LA,Vientiane,"7,320,717","237,955 km²",Asia,,,
Latvia,Republic of Latvia,LV,Riga,"1,877,611","64,589 km²",Europe,,,
Lebanon,The Lebanese Republic,LB,Beirut,"6,812,737","10,452 km²",Asia,,,
Lesotho,The Kingdom of Lesotho,LS,Maseru,"2,149,442","30,355 km²",South America,,,
Liberia,The Republic of Liberia,LR,Monrovia,"5,109,227","111,369 km²",Africa,,,
Libya,Great Socialist People's Libyan Arab Jamahiriya,LY,Tripolis,"6,911,205","1,760,000 km²",Africa,,,
Liechtenstein,The Principality of Liechtenstein,LI,Vaduz,"38,174",160 km²,Europe,,,
Lithuania,The Republic of Lithuania,LT,Vilnius,"2,706,713","65,300 km²",Europe,,,
Luxembourg,Grand Duchy of Luxembourg,LU,Luxembourg,"630,346","2,586 km²",Europe,,,
Madagascar,The Republic of Madagascar,MG,Antananarivo,"28,000,775","587,041 km²",Africa,,,
Malawi,Republic of Malawi,MW,Lilongwe,"19,345,092","118,484 km²",Africa,,,
Malaysia,Federation of Malaysia,MY,Kuala Lumpur,"32,542,947","329,847 km²",Asia,,,
Maldives,Republic of Maldives,MV,Male,"544,636",300 km²,Asia,,,
Mali,Republic of Mali,ML,Bamako,"20,505,871","1,240,000 km²",Africa,,,
Malta,The Republic of Malta,MT,Valletta,"442,037",316 km²,Europe,,,
Marshall Islands,The Republic of the Marshall Islands,MH,Majuro,"59,359",181 km²,Oceana,,,
Mauritania,Islamic Republic of Mauritania,MR,Nouakchott,"4,702,891","1,030,700 km²",Africa,,,
Mauritius,The Republic of Mauritius,MU,Port Louis,"1,272,654","2,040 km²",Africa,,,
Mexico,United Mexican States,MX,Mexico City,"129,508,846","1,972,550 km²",North America,,,
Micronesia,Federated States of Micronesia,FM,Palikir,"551,217",702 km²,Oceana,,,
Moldova,Republic of Moldova,MD,Chisinau,"4,030,051","33,846 km²",Europe,,,
Monaco,Principality of Monaco,MC,Monaco,"39,360",2 km²,Europe,,,
Mongolia,Mongol Uls,MN,Ulan Bator,"3,300,932","1,564,116 km²",Asia,,,
Montenegro,The Republic of Montenegro,ME,Podgorica,"628,099","13,812 km²",Europe,,,
Morocco,Kingdom of Morocco,MA,Rabat,"37,097,014","446,550 km²",Africa,,,
Mozambique,Republic of Mozambique,MZ,Maputo,"31,637,928","801,590 km²",Africa,,,
Myanmar,Republic of the Union of Myanmar,MM,Nay Pyi Taw,"54,564,064","676,575 km²",Asia,,,
Namibia,Republic of Namibia,NA,Windhoek,"2,560,702","824,292 km²",Africa,,,
Nauru,The Republic of Nauru,NR,Yaren,"10,853",21 km²,Oceana,,,
Nepal,The Federal Democratic Republic of Nepal,NP,Kathmandu,"29,362,236","147,516 km²",Asia,,,
New Zealand,New Zealand,NZ,Wellington,"4,838,834","268,021 km²",Oceana,,,
Nicaragua,Republic of Nicaragua,NI,Managua,"6,658,149","130,373 km²",Central America,,,
Niger,Republic of Niger,NE,Niamey,"24,594,403","1,270,000 km²",Africa,,,
Nigeria,Federal Republic of Nigeria,NG,Abuja,"208,355,710","923,768 km²",Africa,,,
Norway,Kingdom of Norway,NO,Oslo,"5,439,201","385,207 km²",Europe,,,
Oman,Sultanate of Oman,OM,Muscat,"5,163,135","309,501 km²",Asia,,,
Pakistan,Islamic Republic of Pakistan,PK,Islamabad,"222,741,498","881,913 km²",Asia,,,
Palau,Republic of Palau,PW,Melekeok,"18,130",458 km²,Oceana,,,
Panama,The Republic of Panama,PA,Panama City,"4,343,889","75,517 km²",Central America,,,
Papua New Guinea,Independent State of Papua New Guinea,PG,Port Moresby,"17,150,845","462,840 km²",Oceana,,,
Paraguay,The Republic of Paraguay,PY,Asuncion,"7,169,948","406,752 km²",South America,,,
Peru,Republic of Peru,PE,Lima,"33,168,487","1,285,220 km²",South America,,,
Philippines,Republic of the Philippines,PH,Manila,"110,204,906","300,000 km²",Asia,,,
Poland,Rzeczpospolita Polska,PL,Warsaw,"37,829,259","312,679 km²",Europe,,,
Portugal,Portuguese Republic,PT,Lisbon,"10,184,296","92,212 km²",Europe,,,
Qatar,The State of Qatar,QA,Doha,"2,901,976","11,571 km²",Asia,,,
Romania,Romania,RO,Bucharest,"19,184,408","238,397 km²",Europe,,,
Russia,Russian Federation,RU,Moscow,"145,960,720","17,125,200 km²",Europe,,,
Rwanda,The Republic of Rwanda,RW,Kigali,"13,091,980","26,338 km²",Africa,,,
Saint Lucia,Saint Lucy of Syracuse,LC,Castries,"183,981",617 km²,North America,,,
Saint Vincent And The Grenadines,Saint Vincent And The Grenadines,VC,Kingstown,"111,088",389 km²,North America,,,
Samoa,Independent State of Samoa,WS,Apia,"198,972","2,842 km²",Oceana,,,
San Marino,Republic of San Marino,SM,San Marino,"33,961",61 km²,Europe,,,
Sao Tome and Principe,Democratic Republic of São Tomé and Príncipe,ST,Sao Tome,"220,914","1,001 km²",Africa,,,
Saudi Arabia,Kingdom of Saudi Arabia,SA,Riyadh,"35,046,623","2,150,000 km²",Asia,,,
Senegal,Republic of Senegal,SN,Dakar,"16,936,487","196,722 km²",Africa,,,
Serbia,Republic of Serbia,RS,Belgrade,"8,722,698","88,361 km²",Europe,,,
Seychelles,Republic of Seychelles,SC,Victoria,"98,605",458 km²,Africa,,,
Sierra Leone,Republic of Sierra Leone,SL,Freetown,"8,047,131","71,740 km²",Africa,,,
Singapore,The Republic of Singapore,SG,Singapur,"5,869,869",726 km²,Asia,,,
Slovakia,The Slovak Republic,SK,Bratislava,"5,460,752","49,035 km²",Europe,,,
Slovenia,Republic of Slovenia,SI,Ljubljana,"2,079,058","20,271 km²",Europe,,,
Solomon Islands,Islas Salomón,SB,Honiara,"694,217","28,400 km²",Oceana,,,
Somalia,Federal Republic of Somalia,SO,Mogadishu,"16,087,259","637,657 km²",Africa,,,
South Africa,Republic of South Africa,ZA,Pretoria,"59,628,390","12,199,912 km²",Africa,,,
South Sudan,Republic of South Sudan,SS,Juba,"11,249,761","619,745 km²",Africa,,,
Spain,Kingdom of Spain,ES,Madrid,"46,762,381","505,990 km²",Europe,,,
Sri Lanka,Democratic Socialist Republic of Sri Lanka,LK,Colombo,"21,451,157","65,610 km²",Asia,,,
Sudan,Republic of the Sudan,SD,Khartoum,"44,294,189","1,886,068 km²",Africa,,,
Suriname,Republic of Suriname,SR,Paramaribo,"588,867","163,821 km²",South America,,,
Swaziland,Kingdom of Swaziland,SZ,Mbabane,"1,165,287","17,364 km²",Africa,,,
Sweden,Kingdom of Sweden,SE,Stockholm,"10,125,943","450,295 km²",Europe,,,
Switzerland,Swiss Confederation,CH,Berne,"8,681,478","41,285 km²",Europe,,,
Syria,Syrian Arab Republic,SY,Damascus,"17,685,746","185,180 km²",Asia,,,
Taiwan,Republic of China,TW,Taipei,"23,834,918","36,193 km²",Asia,,,
Tajikistan,Republic of Tajikistan,TJ,Dushanbe,"9,630,651","143,100 km²",Asia,,,
Tanzania,The United Republic of Tanzania,TZ,Dodoma,"60,479,818","945,087 km²",Africa,,,
Thailand,Kingdom of Thailand,TH,Bangkok,"69,873,773","513,120 km²",Asia,,,
Togo,Togolese Republic,TG,Lome,"8,363,092","56,785 km²",Africa,,,
Tonga,Kingdom of Tonga,TO,Nuku'alofa,"106,206",747 km²,Oceana,,,
Trinidad And Tobago,,TT,Port of Spain,0,0 km²,,,,
Tunisia,,TN,Tunis,0,0 km²,,,,
Turkey,Republic of Turkey,TR,Ankara,"84,726,208","783,562 km²",Asia,,,
Turkmenistan,Turkmenistan,TM,Ashgabat,"6,069,243","491,210 km²",Asia,,,
Tuvalu,Tuvalu,TV,Funafuti,"11,854",26 km²,Oceana,,,
Uganda,Republic of Uganda,UG,Kampala,"46,377,077","241,037 km²",Africa,,,
Ukraine,Ukraine,UA,Kiev,"43,624,462","603,628 km²",Europe,,,
United Arab Emirates,United Arab Emirates,AE,Abu Dhabi,"9,941,469","83,600 km²",Asia,,,
United Kingdom,United Kingdom of Great Britain,GB,London,"68,036,854","242,495 km²",Europe,,,
United States,United States of America,US,Washington,"331,825,014","9,834,000 km²",North America,,,
Uruguay,Oriental Republic of Uruguay,UY,Montevideo,"3,478,809","176,215 km²",South America,,,
Uzbekistan,Republic of Uzbekistan,UZ,Tashkent,"33,677,231","448,978 km²",Asia,,,
Vanuatu,Republic of Vanuatu,VU,Port Vila,"310,265","12,189 km²",Oceana,,,
Venezuela,Bolivarian Republic of Venezuela,VE,Caracas,"28,402,272","916,445 km²",South America,,,
Vietnam,Socialist Republic of Vietnam,VN,Hanoi,"97,702,766","331,212 km²",Asia,,,
Yemen,Republic of Yemen,YE,Sanaa,"30,110,883","527,968 km²",Asia,,,
Zambia,Republic of Zambia,ZM,Lusaka,"18,609,335","752,618 km²",Africa,,,
Zimbabwe,Republic of Zimbabwe,ZW,Harare,"14,955,711","390,757 km²",Africa,,,
